1, "Sadio", "El Hadji", "sadio@mailme.com", "Antman+5"
2, "Sonko", "Yacine", "sonko@mailme.com", "Antman+5"
3, "Tine", "Abdoulaye", "tine@mailme.com", "Antman+5"
4, "Ndour", "Anta", "ndour@mailme.com", "Antman+5"
5, "Nguirane", "Mor", "nguirane@mailme.com", "Antman+5"
6, "Ndiaye", "Néné", "ndiaye@mailme.com", "Antman+5"
7, "Coundoul", "Ibrahima", "coundoul@mailme.com", "Antman+5"
8, "Sagna", "Aminata", "sagna@mailme.com", "Antman+5"
9, "Diop", "Pape", "diop@mailme.com", "Antman+5"
10, "Gningue", "Diaw", "gningue@mailme.com", "Antman+5"
11, "Ndiaye", "Kine", "ndiaye@mailme.com", "Antman+5"
12, "Dabo", "Ousmane", "dabo@mailme.com", "Antman+5"